{"retrieval_p": [0.9980732651486223, 0.9996200154875475, 0.9986749775143893, 0.9988304894868993, 0.9706877695666309, 0.9998911030785398, 0.9875683494555306, 0.9984988180594538, 0.9990889488564619, 0.9964063969066917, 0.9959298617989928, 0.9933071481655668, 0.6791787121629466, 0.9859363698833242, 0.9959298630976556, 0.9840936064513137, 0.9996200154107829, 0.9669140226838876, 0.9978172836763574, 0.9997388097579952, 0.9991959140370592, 0.9993736659622705, 0.9989677688984218, 0.7549149813536518, 0.9953904283569135, 0.9875683499700582, 0.9968273174432202, 0.7057850340255386, 0.9902915228738421, 0.9986749777602508, 0.9740426410126188, 0.9902915249959263, 0.9820137937884343, 0.9706877707325845, 0.9579122716338109, 0.9975273770351744, 0.9993736657605685, 0.9669140182743434, 0.998967769178363, 0.9997040430150309, 0.9988304898290493, 0.9975273765091349, 0.9399133502467731, 0.9998204721029536, 0.9984988177530348, 0.9980732648996796, 0.989013057015208, 0.9525741224467326, 0.9465966728366374, 0.9840936104749368, 0.9968273165360318, 0.9980732649372897, 0.9840936106207203, 0.9947798732424681, 0.9902915213874875, 0.9995694429512416, 0.9914225137784596, 0.9982992777672435, 0.9989677691132995, 0.9964063975869861, 0.9706877687186648, 0.9914225141269346, 0.9953904286859507, 0.9324533126145178, 0.998498817748149, 0.9996646499054382, 0.9399133561377042, 0.9875683462425918, 0.96267311131724, 0.9978172835465413, 0.9706877703086014, 0.9968273175050739, 0.9996646497385595, 0.9986749776111318, 0.9978172838923794, 0.9914225160514667, 0.9953904271796443, 0.9996200154293551, 0.9986749773923829, 0.982013790926191, 0.9669140248290712, 0.9940889323641394, 0.9241418262465169, 0.9902915242975189, 0.996406397306865, 0.9890130551025345, 0.9989677691351475, 0.9968273167098115, 0.9525741224467326, 0.9990889488543426, 0.9964063968183202, 0.9875683480948912, 0.9324533027598817, 0.9959298631486206, 0.9999038975402906, 0.9995694428771911, 0.9988304897327687, 0.9964063979554788, 0.9995121429120722, 0.9947798753293068], "retrieval_p_hard": [1, 1, 1, 1, 1, 1, 1, 1, 1, 1, 1, 1, 1, 1, 1, 1, 1, 1, 1, 1, 1, 1, 1, 1, 1, 1, 1, 1, 1, 1, 1, 1, 1, 1, 1, 1, 1, 1, 1, 1, 1, 1, 1, 1, 1, 1, 1, 1, 1, 1, 1, 1, 1, 1, 1, 1, 1, 1, 1, 1, 1, 1, 1, 1, 1, 1, 1, 1, 1, 1, 1, 1, 1, 1, 1, 1, 1, 1, 1, 1, 1, 1, 1, 1, 1, 1, 1, 1, 1, 1, 1, 1, 1, 1, 1, 1, 1, 1, 1, 1], "has_judgment": [true, true, true, true, true, true, true, true, true, true, true, true, true, true, true, true, true, true, true, true, true, true, true, true, true, true, true, true, true, true, true, true, true, true, true, true, true, true, true, true, true, true, true, true, true, true, true, true, true, true, true, true, true, true, true, true, true, true, true, true, true, true, true, true, true, true, true, true, true, true, true, true, true, true, true, true, true, true, true, true, true, true, true, true, true, true, true, true, true, true, true, true, true, true, true, true, true, true, true, true], "probs": [{"yes": 0.9952514240043769, "no": 0.001921287415936284}, {"yes": 0.9949649265899781, "no": 0.00037821497837175485}, {"yes": 0.9945484013228512, "no": 0.0013195474247896348}, {"yes": 0.9935826886465575, "no": 0.00116336596873806}, {"yes": 0.9683121234311275, "no": 0.02924049213694119}, {"yes": 0.9966913623886389, "no": 0.0001085484416012213}, {"yes": 0.9854043163026698, "no": 0.012404409388008752}, {"yes": 0.9956789386405261, "no": 0.0014969424242025796}, {"yes": 0.9954732271808701, "no": 0.0009077540323338784}, {"yes": 0.9935903380486102, "no": 0.0035834467977899306}, {"yes": 0.9934416051465711, "no": 0.004059969263571497}, {"yes": 0.9905065625066064, "no": 0.0066739816341133615}, {"yes": 0.6783986276563765, "no": 0.32045280202980175}, {"yes": 0.9806365217551922, "no": 0.01398803182653717}, {"yes": 0.9937223993399898, "no": 0.004061115504318631}, {"yes": 0.9818868581789737, "no": 0.015870724780743223}, {"yes": 0.9960033335175273, "no": 0.0003786097834284722}, {"yes": 0.9645474021987831, "no": 0.03300499601906934}, {"yes": 0.994615852335318, "no": 0.0021757132214099543}, {"yes": 0.9956324955260881, "no": 0.0002601174325895173}, {"yes": 0.9932347006013651, "no": 0.0007992887775455976}, {"yes": 0.9957382689516197, "no": 0.0006240556378016175}, {"yes": 0.9953444793938718, "no": 0.0010284871648537461}, {"yes": 0.7533930365395937, "no": 0.24459091549255566}, {"yes": 0.9925365194207827, "no": 0.004596355424275015}, {"yes": 0.9835064732259695, "no": 0.01238051855114462}, {"yes": 0.9921565233666196, "no": 0.003157816444431322}, {"yes": 0.7040361779833294, "no": 0.2934859343343059}, {"yes": 0.9866812390766743, "no": 0.009673083146855707}, {"yes": 0.9918576144655655, "no": 0.0013159770967517332}, {"yes": 0.9713431690797603, "no": 0.025885420491993882}, {"yes": 0.9878409455665391, "no": 0.009684450372401987}, {"yes": 0.9795905403807322, "no": 0.01794182278663866}, {"yes": 0.9667908139782053, "no": 0.02919455137626072}, {"yes": 0.9560926766720432, "no": 0.042007780942239024}, {"yes": 0.9929132816091512, "no": 0.002461185766634431}, {"yes": 0.9945193954455877, "no": 0.0006232919382283404}, {"yes": 0.9645479591479013, "no": 0.033005019626090544}, {"yes": 0.994332431300369, "no": 0.0010274411389524882}, {"yes": 0.9960543055355384, "no": 0.0002948764998915809}, {"yes": 0.9928304326991567, "no": 0.0011624848268996391}, {"yes": 0.9946953424810758, "no": 0.0024656035794024486}, {"yes": 0.9379073838509302, "no": 0.05995841261284348}, {"yes": 0.9957171125329835, "no": 0.00017879109725590524}, {"yes": 0.9943469286286295, "no": 0.0014949401341712541}, {"yes": 0.9955621888967342, "no": 0.001921887582162502}, {"yes": 0.9871038602383521, "no": 0.010965733723715702}, {"yes": 0.9496189405982358, "no": 0.04727874769828624}, {"yes": 0.9440299878000282, "no": 0.05325852470982703}, {"yes": 0.9809768832230904, "no": 0.01585601232803276}, {"yes": 0.9921775283608621, "no": 0.0031578842045481836}, {"yes": 0.9958608526948828, "no": 0.0019224641014588789}, {"yes": 0.9813357346767688, "no": 0.015861812473027315}, {"yes": 0.9911783481688108, "no": 0.0052012276845705046}, {"yes": 0.98811334409424, "no": 0.009687124508989387}, {"yes": 0.9978394796116412, "no": 0.00042981188001079166}, {"yes": 0.9892557720331538, "no": 0.008558740230595293}, {"yes": 0.995111636892444, "no": 0.001695291705231893}, {"yes": 0.9961276385663679, "no": 0.0010292961869399553}, {"yes": 0.9939184372894045, "no": 0.0035846294275427865}, {"yes": 0.9654945867655194, "no": 0.029155410771793185}, {"yes": 0.9886300461871829, "no": 0.008553326290281108}, {"yes": 0.9928319602145239, "no": 0.004597723256710291}, {"yes": 0.9292519197615836, "no": 0.06731477927886723}, {"yes": 0.993867683794316, "no": 0.001494219623579614}, {"yes": 0.9943920731161933, "no": 0.00033358134228572196}, {"yes": 0.9366487062788423, "no": 0.0598779418025542}, {"yes": 0.985123111870441, "no": 0.01240087279203403}, {"yes": 0.9605979565306212, "no": 0.03724642619678325}, {"yes": 0.9946048849067415, "no": 0.0021756893599398823}, {"yes": 0.9696758959852463, "no": 0.029281673735619344}, {"yes": 0.9940057080552698, "no": 0.0031637019315408988}, {"yes": 0.9960221370825049, "no": 0.00033412833409528616}, {"yes": 0.9940203135618457, "no": 0.0013188466718269218}, {"yes": 0.9931382763743332, "no": 0.002172480821820095}, {"yes": 0.9892315076251197, "no": 0.0085585280147071}, {"yes": 0.9913183213461645, "no": 0.004590715226532148}, {"yes": 0.9943529396875995, "no": 0.0003779824023376007}, {"yes": 0.9926986082850691, "no": 0.0013170932768960242}, {"yes": 0.980705996278427, "no": 0.01796225598050459}, {"yes": 0.9645550557857882, "no": 0.03300525569723128}, {"yes": 0.9919064029611878, "no": 0.00589808984433909}, {"yes": 0.9224252414087348, "no": 0.07571726790203392}, {"yes": 0.9883553825936247, "no": 0.009689494438653658}, {"yes": 0.9927967096050626, "no": 0.003580584126131072}, {"yes": 0.9865441974119796, "no": 0.010959518360206174}, {"yes": 0.9961528344961927, "no": 0.0010293222000221027}, {"yes": 0.9940078280020278,