{"retrieval_p": [0.9626731125220074, 0.8519527982093666, 0.904650530602188, 0.952574121941844, 0.9046505453836383, 0.8807970873650401, 0.9324533060447606, 0.8670357718273068, 0.9669140242331868, 0.9149009596336303, 0.7549149923816048, 0.932453304167687, 0.9149009549929797, 0.8933094081846421, 0.9046505357435622, 0.924141819456443, 0.939913354875362, 0.8807970826714614, 0.9859363756944313, 0.9149009602137116, 0.8519527963298946, 0.9579122767402743, 0.7057850154599562, 0.679178699175393, 0.9324533074525657, 0.9324533065140289, 0.9241418147556224, 0.9669140194661122, 0.9149009613738741, 0.817574478416099, 0.8807970670261976, 0.9149009555730611, 0.8670357494949105, 0.9149009526726544, 0.9465966762263736, 0.9241418158002491, 0.9324533074525657, 0.9241418210233832, 0.9525741232882134, 0.9241418205010697, 0.9579122728353318, 0.9046505344582187, 0.9399133510883348, 0.7310585727705126, 0.939913354875362, 0.9525741296834681, 0.952574130693245, 0.9241418121440553, 0.9324533022906133, 0.9149009468718409, 0.8807970779778824, 0.8175744828610096, 0.8807970826714614, 0.817574478416099, 0.9465966756614176, 0.880797071719777, 0.9149009497722477, 0.7549149868676284, 0.924141819456443, 0.9324533022906133, 0.9859363746355188, 0.9149009544128984, 0.9046505357435624, 0.957912273285902, 0.8175744806385543, 0.9046505408849362, 0.8519527944504227, 0.9149009567332237, 0.9046505344582187, 0.9149009462917594, 0.8354835411997897, 0.9525741246345829, 0.9740426444505044, 0.8354835391516133, 0.9525741278322103, 0.9579122729855218, 0.939913350667554, 0.8519527944504227, 0.867035752930664, 0.8175744673038222, 0.9241418267688303, 0.9399133460389649, 0.9579122695311493, 0.9669140225647108, 0.962673109309294, 0.9241418231126367, 0.8933093996634686, 0.8354835391516133, 0.9399133561377042, 0.9399133523506772, 0.9324533083911025, 0.9241418241572634, 0.8933093989533708, 0.9046505280315009, 0.867035758084294, 0.9399133498259924, 0.9399133464597458, 0.9740426456278625, 0.8354835391516132, 0.9626731145299533], "retrieval_p_hard": [1, 1, 1, 1, 1, 1, 1, 1, 1, 1, 1, 1, 1, 1, 1, 1, 1, 1, 1, 1, 1, 1, 1, 1, 1, 1, 1, 1, 1, 1, 1, 1, 1, 1, 1, 1, 1, 1, 1, 1, 1, 1, 1, 1, 1, 1, 1, 1, 1, 1, 1, 1, 1, 1, 1, 1, 1, 1, 1, 1, 1, 1, 1, 1, 1, 1, 1, 1, 1, 1, 1, 1, 1, 1, 1, 1, 1, 1, 1, 1, 1, 1, 1, 1, 1, 1, 1, 1, 1, 1, 1, 1, 1, 1, 1, 1, 1, 1, 1, 1], "has_judgment": [true, true, true, true, true, true, true, true, true, true, true, true, true, true, true, true, true, true, true, true, true, true, true, true, true, true, true, true, true, true, true, true, true, true, true, true, true, true, true, true, true, true, true, true, true, true, true, true, true, true, true, true, true, true, true, true, true, true, true, true, true, true, true, true, true, true, true, true, true, true, true, true, true, true, true, true, true, true, true, true, true, true, true, true, true, true, true, true, true, true, true, true, true, true, true, true, true, true, true, true], "probs": [{"yes": 0.9608295603212468, "no": 0.03725540520154531}, {"yes": 0.8495303070329555, "no": 0.1476262359333887}, {"yes": 0.9027825920909722, "no": 0.09515259011693251}, {"yes": 0.9511556629547772, "no": 0.04735525713596049}, {"yes": 0.9030023184755627, "no": 0.09517573279905779}, {"yes": 0.879228746240743, "no": 0.11899066076366824}, {"yes": 0.9307005645601113, "no": 0.06741972578227166}, {"yes": 0.8653087047358119, "no": 0.13269937388376438}, {"yes": 0.9650537369756694, "no": 0.03302232024255874}, {"yes": 0.9129965774259663, "no": 0.08492190523862009}, {"yes": 0.7529684827724211, "no": 0.2444530684898703}, {"yes": 0.9309053696445303, "no": 0.06743456382319617}, {"yes": 0.9124611986879305, "no": 0.08487211232050759}, {"yes": 0.8916958320902386, "no": 0.10649787763718653}, {"yes": 0.9029912377061616, "no": 0.0951745755312817}, {"yes": 0.9224288907684683, "no": 0.07571757479351411}, {"yes": 0.9379197596000972, "no": 0.05995919885397319}, {"yes": 0.8792213701107022, "no": 0.11898966783236178}, {"yes": 0.9844346666508842, "no": 0.014042203580737553}, {"yes": 0.9132138500732422, "no": 0.08494211410885326}, {"yes": 0.8500346768497784, "no": 0.14771388446913586}, {"yes": 0.9560875549284144, "no": 0.042007550587855415}, {"yes": 0.704825056976918, "no": 0.2938148142841449}, {"yes": 0.6778950261692037, "no": 0.3202149366318267}, {"yes": 0.9309107448937998, "no": 0.06743494968796947}, {"yes": 0.9307138853680684, "no": 0.06742069023608342}, {"yes": 0.9224231109040775, "no": 0.0757171054305774}, {"yes": 0.9654636947944548, "no": 0.033036353149354915}, {"yes": 0.9132125573192127, "no": 0.08494199259827126}, {"yes": 0.815802305854459, "no": 0.18203009644230395}, {"yes": 0.8792292047943872, "no": 0.11899074587245148}, {"yes": 0.9121364645647247, "no": 0.08484190670978686}, {"yes": 0.8653011101415944, "no": 0.1326982349207902}, {"yes": 0.9132113666263308, "no": 0.0849418913395857}, {"yes": 0.9451946280592275, "no": 0.053324225638066894}, {"yes": 0.9226272355967813, "no": 0.07573385987842303}, {"yes": 0.9307092393592581, "no": 0.06742035267567995}, {"yes": 0.9226277442809565, "no": 0.07573389599115016}, {"yes": 0.9505259239629013, "no": 0.04732390286396866}, {"yes": 0.9222041693738612, "no": 0.07569912741000467}, {"yes": 0.955574258930563, "no": 0.04198500200483727}, {"yes": 0.9027822019682976, "no": 0.09515254474465266}, {"yes": 0.9381491563073636, "no": 0.059973867715086525}, {"yes": 0.7296022247530805, "no": 0.2684056667187164}, {"yes": 0.9381465351525624, "no": 0.0599736961287201}, {"yes": 0.9507590555905964, "no": 0.04733550310430035}, {"yes": 0.9509758063086828, "no": 0.047346293428164946}, {"yes": 0.9219492646395929, "no": 0.07567821257694435}, {"yes": 0.9309102247070301, "no": 0.06743491753248736}, {"yes": 0.9132224027078455, "no": 0.08494292418384206}, {"yes": 0.8792139940425422, "no": 0.11898867490934095}, {"yes": 0.8157962033636493, "no": 0.1820287293676936}, {"yes": 0.878778339359099, "no": 0.11892971014279134}, {"yes": 0.8160165784120382, "no": 0.18207790711167957}, {"yes": 0.944805740035963, "no": 0.05330228667540992}, {"yes": 0.8787782476953799, "no": 0.11892971014279134}, {"yes": 0.9129829660159059, "no": 0.08492064993637916}, {"yes": 0.7531941528893858, "no": 0.2445263401354212}, {"yes": 0.922430210314525, "no": 0.07571768310845116}, {"yes": 0.9310884646418298, "no": 0.06744782919140484}, {"yes": 0.984240272844928, "no": 0.01403943177473603}, {"yes": 0.9134130240914274, "no": 0.08496064650723772}, {"yes": 0.9033618276278536, "no": 0.09521363542136745}, {"yes": 0.9563008570974573, "no": 0.04201692603009661}, {"yes": 0.8161965724195923, "no": 0.18211806648904175}, {"yes": 0.902262614089845, "no": 0.09509777349942747}, {"yes": 0.8504628998366816, "no": 0.14778830067178997}, {"yes": 0.913217728346311, "no": 0.08494247864164219}, {"yes": 0.9030024193939415, "no": 0.09517575549072348}, {"yes": 0.9129833605466751, "no": 0.08492069042971019}, {"yes": 0.8338561624471769, "no": 0.1641960089333917}, {"yes": 0.9509761322335457, "no": 0.047346316004642335}, {"yes": 0.9727447134273204, "no": 0.02592276686157777}, {"yes": 0.833423956681591, "no": 0.16411090502003667}, {"yes": 0.9509725718647403, "no": 0.04734613539312463}, {"yes": 0.9560870099879046, "no": 0.042007530557099146}, {"yes": 0.9376545168811581, "no": 0.05994224692181203}, {"yes": 0.8502670502839841, "no": 0.14775426712066617}, {"yes": 0.8654985912561025, "no": 0.13272851567764768}, {"yes": 0.8158030230824724, "no": 0.18203027003981453}, {"yes": 0.92243294562955, "no": 0.07571789973879009}, {"yes": 0.9381470593829367, "no": 0.059973739025265684}, {"yes": 0.9563003120353719, "no": 0.042016905994869784}, {"yes": 0.9645349805204095, "no": 0.03300457109557498}, {"yes": 0.9605880548548652, "no": 0.03724604434842015}, {"yes": 0.9228006856581479, "no": 0.07574808962617838}, {"yes": 0.8917008547050426, "no": 0.10649848702467392}, {"yes": 0.8338577404776564, "no": 0.16419632211272353}, {"yes": 0.9383501193313012, "no": 0.059986709487871326}, {"yes": 0.9379118910924488,